species;var;State;latitude;longitude;Data
Picea jezoensis;hondoensis;JP;36.377;138.524;GBIF
Picea jezoensis;hondoensis;JP;41.3819;141.0683;GBIF
Picea jezoensis;hondoensis;JP;36.5492;138.3953;GBIF
Picea jezoensis;hondoensis;JP;36.786;139.5582;GBIF
Picea jezoensis;hondoensis;JP;35.7691;138.2615;GBIF
Picea jezoensis;hondoensis;JP;36.0193;138.3554;GBIF
Picea jezoensis;hondoensis;JP;35.7895;137.8046;GBIF
Picea jezoensis;hondoensis;JP;35.4429;137.5979;GBIF
Picea jezoensis;hondoensis;JP;35.4429;137.5979;GBIF
Picea jezoensis;hondoensis;JP;36.7816;137.8012;GBIF
Picea jezoensis;hondoensis;JP;36.107;137.5504;GBIF
Picea jezoensis;hondoensis;JP;34.1838;136.0889;GBIF
Picea jezoensis;hondoensis;JP;34.172;136.0955;GBIF
Picea jezoensis;hondoensis;JP;35.8649;138.811;GBIF
Picea jezoensis;hondoensis;JP;36.6399;138.5104;GBIF
Picea jezoensis;hondoensis;JP;36.5269;138.3319;GBIF
Picea jezoensis;hondoensis;JP;36.6399;138.5104;GBIF
Picea jezoensis;hondoensis;JP;36.819;139.3951;GBIF
Picea jezoensis;hondoensis;JP;35.3078;138.7587;GBIF
Picea jezoensis;hondoensis;JP;36.186;138.1266;GBIF
Picea jezoensis;hondoensis;JP;36.53842;138.41566;GBIF
Picea jezoensis;hondoensis;JP;36.819;139.3951;GBIF
Picea jezoensis;hondoensis;JP;35.9709;138.3702;GBIF
Picea jezoensis;hondoensis;JP;35.3692;138.1403;GBIF
Picea jezoensis;hondoensis;JP;35.3068;138.0523;GBIF
Picea jezoensis;hondoensis;JP;35.3068;138.0523;GBIF
Picea jezoensis;hondoensis;JP;35.3692;138.1403;GBIF
Picea jezoensis;hondoensis;JP;35.3382;138.0838;GBIF
Picea jezoensis;hondoensis;JP;35.3382;138.0838;GBIF
Picea jezoensis;hondoensis;JP;35.4972;138.2458;GBIF
Picea jezoensis;hondoensis;JP;35.414;138.5382;GBIF
Picea jezoensis;hondoensis;JP;35.3507;138.7349;GBIF
Picea jezoensis;hondoensis;JP;36.8839;139.3754;GBIF
Picea jezoensis;hondoensis;JP;35.2966;138.6648;GBIF
Picea jezoensis;hondoensis;JP;35.2355;138.0411;GBIF
Picea jezoensis;hondoensis;JP;35.3071;138.0983;GBIF
Picea jezoensis;hondoensis;JP;36.8839;139.3754;GBIF
Picea jezoensis;hondoensis;JP;36.6664;138.5344;GBIF
Picea jezoensis;hondoensis;JP;35.3507;138.7349;GBIF
Picea jezoensis;hondoensis;JP;35.4017;138.4952;GBIF
Picea jezoensis;hondoensis;JP;36.9161;139.3048;GBIF
Picea jezoensis;hondoensis;JP;36.473611;137.479167;GBIF
Picea jezoensis;hondoensis;JP;35.5629;138.1032;GBIF
Picea jezoensis;hondoensis;JP;35.3176;138.728;GBIF
Picea jezoensis;hondoensis;JP;36.8100000360299;139.35;GBIF
Picea jezoensis;hondoensis;JP;36.8100000360299;139.37;GBIF
Picea jezoensis;hondoensis;JP;36.8100000360299;139.36;GBIF
Picea jezoensis;hondoensis;JP;36.8100000360299;139.36;GBIF
Picea jezoensis;hondoensis;JP;36.8000000360186;139.37;GBIF
Picea jezoensis;;JP;42.5200000404535;142.98;GBIF
Picea jezoensis;;JP;42.5200000404535;142.98;GBIF
Picea jezoensis;;JP;42.5100000404497;142.96;GBIF
Picea jezoensis;hondoensis;JP;36.6900000358931;139.339999999999;GBIF
Picea jezoensis;hondoensis;JP;36.6900000358931;139.339999999999;GBIF
Picea jezoensis;hondoensis;JP;36.6900000358931;139.339999999999;GBIF
Picea jezoensis;hondoensis;JP;35.8800000349295;138.95;GBIF
Picea jezoensis;hondoensis;JP;35.8800000349295;138.95;GBIF
Picea jezoensis;;JP;42.690000040516;142.68;GBIF
Picea jezoensis;;JP;42.4400000404226;142.89;GBIF
Picea jezoensis;;JP;42.8100000405575;142.47;GBIF
Picea jezoensis;;JP;42.8300000405642;142.669999999999;GBIF
Picea jezoensis;hondoensis;JP;35.7000000347062;138.86;GBIF
Picea jezoensis;hondoensis;JP;35.7000000347062;138.86;GBIF
Picea jezoensis;hondoensis;JP;35.7000000347062;138.86;GBIF
Picea jezoensis;hondoensis;JP;35.7300000347436;138.85;GBIF
Picea jezoensis;hondoensis;JP;35.7300000347436;138.86;GBIF
Picea jezoensis;hondoensis;JP;35.7200000347312;138.86;GBIF
Picea jezoensis;hondoensis;JP;35.8600000349049;138.94;GBIF
Picea jezoensis;hondoensis;JP;35.8600000349049;138.94;GBIF
Picea jezoensis;hondoensis;JP;35.8400000348802;138.95;GBIF
Picea jezoensis;hondoensis;JP;35.8600000349049;138.94;GBIF
Picea jezoensis;hondoensis;JP;35.8600000349049;138.94;GBIF
Picea jezoensis;;JP;42.6300000404944;142.83;GBIF
Picea jezoensis;;JP;42.6300000404944;142.85;GBIF
Picea jezoensis;;JP;42.6300000404944;142.83;GBIF
Picea jezoensis;;JP;42.7400000405335;142.78;GBIF
Picea jezoensis;;JP;42.7400000405335;142.79;GBIF
Picea jezoensis;;JP;42.5900000404797;142.83;GBIF
Picea jezoensis;;JP;42.8200000405608;142.77;GBIF
Picea jezoensis;;JP;42.6000000404834;142.96;GBIF
Picea jezoensis;;JP;42.5900000404797;142.85;GBIF
Picea jezoensis;;JP;42.73000004053;142.85;GBIF
Picea jezoensis;;JP;42.8000000405541;142.52;GBIF
Picea jezoensis;;JP;42.6700000405088;142.57;GBIF
Picea jezoensis;;JP;42.6100000404871;142.42;GBIF
Picea jezoensis;;JP;42.7900000405507;142.56;GBIF
Picea jezoensis;;JP;42.6200000404907;142.54;GBIF
Picea jezoensis;;JP;42.6100000404871;142.55;GBIF
Picea jezoensis;jezoensis;RU;47.998467;142.899033;GBIF
Picea jezoensis;jezoensis;RU;47.998467;142.899033;GBIF
Picea jezoensis;;RU;47.9985;142.899;GBIF
Picea jezoensis;hondoensis;JP;38.18563;140.18917;GBIF
Picea jezoensis;hondoensis;JP;38.5353;139.9582;GBIF
Picea jezoensis;hondoensis;JP;34.1825;136.101389;GBIF
Picea jezoensis;hondoensis;JP;35.876111;138.180833;GBIF
Picea jezoensis;hondoensis;JP;34.174722;136.105;GBIF
Picea jezoensis;jezoensis;JP;35.72;138.183333;GBIF
Picea jezoensis;hondoensis;JP;36.53;139.23;GBIF
Picea jezoensis;hondoensis;JP;36.11;136.55;GBIF
Picea jezoensis;;JP;35.883333;138.166667;GBIF
Picea jezoensis;;JP;36.45;137.316667;GBIF
Picea jezoensis;;JP;36.45;137.316667;GBIF
Picea jezoensis;;JP;36.45;137.316667;GBIF
Picea jezoensis;;JP;36.533333;137.633333;GBIF
Picea jezoensis;;JP;36.25;137.6;GBIF
Picea jezoensis;;JP;36.4;137.133333;GBIF
Picea jezoensis;;JP;36.55;137.55;GBIF
Picea jezoensis;;JP;36.75;137.75;GBIF
Picea jezoensis;;JP;36.483333;137.633333;GBIF
Picea jezoensis;;JP;36.783333;137.566667;GBIF
Picea jezoensis;;JP;36.7;137.566667;GBIF
Picea jezoensis;hondoensis;JP;35.975278;137.946389;GBIF
Picea jezoensis;hondoensis;JP;35.973833;138.364222;GBIF
Picea jezoensis;hondoensis;JP;35.935124;138.24449;GBIF
Picea jezoensis;hondoensis;JP;35.270844;138.616364;GBIF
Picea jezoensis;hondoensis;JP;35.251797;138.643822;GBIF
Picea jezoensis;hondoensis;JP;35.401827;138.557527;GBIF
Picea jezoensis;hondoensis;JP;36.822222;139.446667;GBIF
Picea jezoensis;hondoensis;JP;36.817778;139.453611;GBIF
Picea jezoensis;hondoensis;JP;36.656389;138.548333;GBIF
Picea jezoensis;hondoensis;JP;36.051944;138.363611;GBIF
Picea jezoensis;hondoensis;JP;36.775;139.358333;GBIF
Picea jezoensis;hondoensis;JP;36.002778;138.683889;GBIF
Picea jezoensis;hondoensis;JP;36.754167;139.063889;GBIF
Picea jezoensis;hondoensis;JP;36.683056;139.31;GBIF
Picea jezoensis;hondoensis;JP;36.824444;139.360556;GBIF
Picea jezoensis;hondoensis;JP;36.8525;139.348333;GBIF
Picea jezoensis;hondoensis;JP;36.886667;139.270833;GBIF
Picea jezoensis;hondoensis;JP;36.8475;139.335833;GBIF
Picea jezoensis;hondoensis;JP;36.6375;139.328333;GBIF
Picea jezoensis;hondoensis;JP;36.799722;139.348611;GBIF
Picea jezoensis;hondoensis;JP;36.651944;139.327222;GBIF
Picea jezoensis;hondoensis;JP;36.892222;139.370278;GBIF
Picea jezoensis;hondoensis;JP;36.929722;139.290833;GBIF
Picea jezoensis;hondoensis;JP;36.618056;138.527778;GBIF
Picea jezoensis;hondoensis;JP;36.541667;138.412778;GBIF
Picea jezoensis;hondoensis;JP;36.466111;138.593889;GBIF
Picea jezoensis;hondoensis;JP;35.54695;138.03993;GBIF
Picea jezoensis;hondoensis;JP;35.54695;138.03993;GBIF
Picea jezoensis;hondoensis;JP;35.51426;137.82173;GBIF
Picea jezoensis;hondoensis;JP;35.59853;137.90976;GBIF
Picea jezoensis;hondoensis;JP;35.51426;137.82173;GBIF
Picea jezoensis;hondoensis;JP;35.54695;138.03993;GBIF
Picea jezoensis;hondoensis;JP;35.44656;137.74905;GBIF
Picea jezoensis;hondoensis;JP;35.51426;137.82173;GBIF
Picea jezoensis;hondoensis;JP;36.80624;138.20679;GBIF
Picea jezoensis;hondoensis;JP;35.59853;137.90976;GBIF
Picea jezoensis;hondoensis;JP;35.44656;137.74905;GBIF
Picea jezoensis;jezoensis;JP;39.31153;140.55292;GBIF
Picea jezoensis;hondoensis;JP;39.79977;140.22009;GBIF
Picea jezoensis;hondoensis;JP;39.79977;140.22009;GBIF
Picea jezoensis;hondoensis;JP;39.79977;140.22009;GBIF
Picea jezoensis;hondoensis;JP;39.79977;140.22009;GBIF
Picea jezoensis;hondoensis;JP;39.79977;140.22009;GBIF
Picea jezoensis;hondoensis;JP;39.79977;140.22009;GBIF
Picea jezoensis;jezoensis;JP;43.4856;144.4592;GBIF
Picea jezoensis;hondoensis;JP;39.79977;140.22009;GBIF
Picea jezoensis;hondoensis;JP;39.79977;140.22009;GBIF
Picea jezoensis;jezoensis;JP;42.95581;144.07153;GBIF
Picea jezoensis;hondoensis;JP;35.99528;138.15862;GBIF
Picea jezoensis;hondoensis;JP;35.6515;138.79738;GBIF
Picea jezoensis;hondoensis;JP;35.6515;138.79738;GBIF
Picea jezoensis;hondoensis;JP;35.82707;137.95355;GBIF
Picea jezoensis;hondoensis;JP;35.70887;138.44705;GBIF
Picea jezoensis;hondoensis;JP;35.70887;138.44705;GBIF
Picea jezoensis;hondoensis;JP;35.70887;138.44705;GBIF
Picea jezoensis;hondoensis;JP;36.51491;138.52658;GBIF
Picea jezoensis;hondoensis;JP;35.50053;138.76135;GBIF
Picea jezoensis;jezoensis;JP;42.31548;140.97348;GBIF
Picea jezoensis;jezoensis;JP;42.31548;140.97348;GBIF
Picea jezoensis;jezoensis;JP;42.31548;140.97348;GBIF
Picea jezoensis;hondoensis;JP;36.23799;137.97145;GBIF
Picea jezoensis;;JP;37.02769;139.38788;GBIF
Picea jezoensis;hondoensis;JP;36.00384;137.54054;GBIF
Picea jezoensis;hondoensis;JP;36.40219;138.24918;GBIF
Picea jezoensis;hondoensis;JP;36.06525;137.66879;GBIF
Picea jezoensis;hondoensis;JP;36.06525;137.66879;GBIF
Picea jezoensis;hondoensis;JP;36.549;138.395;GBIF
Picea jezoensis;;JP;43.178;140.861;GBIF
Picea jezoensis;;JP;43.14;140.933;GBIF
Picea jezoensis;;JP;43.123;141.035;GBIF
Picea jezoensis;;JP;43.237;140.989;GBIF
Picea jezoensis;;JP;43.674657;142.907239;GBIF
Picea jezoensis;;JP;43.38571;142.55232;GBIF
Picea jezoensis;hondoensis;JP;35.876111;138.180833;GBIF
Picea jezoensis;hondoensis;JP;34.174722;136.105;GBIF
Picea jezoensis;hondoensis;JP;34.1825;136.101389;GBIF
Picea jezoensis;;RU;43.34333;133.65638;GBIF
Picea jezoensis;;RU;43.49416;133.57833;GBIF
Picea jezoensis;;CN;42.786504;128.514494;GBIF
Picea jezoensis;komarovii;CN;41.812003;126.91814;GBIF
Picea jezoensis;komarovii;CN;43.622609;128.346866;GBIF
Picea jezoensis;microsperma;CN;46.809805;129.814957;GBIF
Picea jezoensis;jezoensis;JP;42.72;141.25;GBIF
Picea jezoensis;hondoensis;JP;35.37;138.73;GBIF
Picea jezoensis;jezoensis;JP;43.77;142.5;GBIF
Picea jezoensis;hondoensis;JP;35.2;139.02;GBIF
Picea jezoensis;jezoensis;JP;44.2;142.13;GBIF
Picea jezoensis;hondoensis;JP;39.75;140.8;GBIF
Picea jezoensis;jezoensis;JP;45.27;142.2;GBIF
Picea jezoensis;jezoensis;JP;45.18;141.25;GBIF
Picea jezoensis;jezoensis;JP;42.42;142.58;GBIF
Picea jezoensis;jezoensis;KR;35.33;127.73;GBIF
Picea jezoensis;jezoensis;RU;55.77;160.23;GBIF
Picea jezoensis;jezoensis;JP;45.27;142.2;GBIF
Picea jezoensis;komarovii;KP;40.02;125.75;GBIF
Picea jezoensis;jezoensis;RU;50;143;GBIF
Picea jezoensis;jezoensis;RU;55.77;160.23;GBIF
Picea jezoensis;jezoensis;RU;56.43;137.17;GBIF
Picea jezoensis;jezoensis;RU;56.43;137.17;GBIF
Picea jezoensis;hondoensis;JP;34.1825;136.101278;GBIF
Picea jezoensis;hondoensis;JP;36.883301;139.383;GBIF
Picea jezoensis;;RU;54.355717;142.66905;GBIF
Picea jezoensis;;RU;54.338333;142.644817;GBIF
Picea jezoensis;hondoensis;JP;36.433333;138.366667;GBIF
Picea jezoensis;hondoensis;JP;35.866667;137.5;GBIF
Picea jezoensis;;RU;54.883333;158.833333;GBIF
Picea jezoensis;;CN;42.833333;130.333333;GBIF
Picea jezoensis;;JP;42.699694;141.569861;GBIF
Picea jezoensis;hondoensis;JP;36.811722;139.375389;GBIF
Picea jezoensis;komarovii;CN;42.3;128.083333;GBIF
Picea jezoensis;;RU;54.883333;158.833333;GBIF
Picea jezoensis;;JP;45.016667;141.916667;GBIF
Picea jezoensis;;JP;43.416667;144.1;GBIF
Picea jezoensis;;KR;35.316667;127.566667;GBIF
Picea jezoensis;;RU;56;160.166667;GBIF
Picea jezoensis;;JP;43.366667;142.383333;GBIF
Picea jezoensis;;RU;46.641333;142.91025;GBIF
Picea jezoensis;;RU;47.4282;142.768667;GBIF
Picea jezoensis;;RU;47.4282;142.768667;GBIF
Picea jezoensis;;RU;46.976233;142.81855;GBIF
Picea jezoensis;;RU;47.25205;142.805733;GBIF
Picea jezoensis;;JP;35.20785;139.07013;GBIF
Picea jezoensis;;RU;44.35377;146.10599;GBIF
Picea jezoensis;;JP;43.06934;141.34804;GBIF
Picea jezoensis;;CN;44.34072;129.48285;GBIF
Picea jezoensis;;JP;45.521;141.937;GBIF
Picea jezoensis;;RU;44.36802;146.23273;GBIF
Picea jezoensis;;JP;35.35887;138.72997;GBIF
Picea jezoensis;;RU;50.58889;135;GBIF
Picea jezoensis;;RU;55.33751;159.44472;GBIF
Picea jezoensis;;JP;35.36055;138.72778;GBIF
Picea jezoensis;;RU;54.60351;127.48017;GBIF
Picea jezoensis;;RU;56.89859;159.69238;GBIF
Picea jezoensis;;RU;51;143;GBIF
Picea jezoensis;;RU;44.122;145.854;GBIF
Picea jezoensis;;RU;52.17902;141.50488;GBIF
Picea jezoensis;;JP;41.28773;141.22336;GBIF
Picea jezoensis;;JP;43.0621;141.35437;GBIF
Picea jezoensis;;JP;40.6025;140.42555;GBIF
Picea jezoensis;;JP;42.98486;144.38136;GBIF
Picea jezoensis;;JP;42.99352;144.39331;GBIF
Picea jezoensis;;JP;43.05;141.35;GBIF
Picea jezoensis;;JP;42.88334;140.65;GBIF
Picea jezoensis;;JP;35.43333;139.63333;GBIF
Picea jezoensis;;RU;51;143;GBIF
Picea jezoensis;;JP;41.7794;140.7364;GBIF
Picea jezoensis;;JP;43.0475;141.3555;GBIF
Picea jezoensis;jezoensis;JP;43.451659;144.097165;GBIF
Picea jezoensis;hondoensis;JP;35.548333;138.118889;GBIF
Picea jezoensis;jezoensis;JP;45.138889;142.109444;GBIF
Picea jezoensis;jezoensis;JP;45.138889;142.109444;GBIF
Picea jezoensis;jezoensis;JP;45.245251;141.20981;GBIF
Picea jezoensis;;JP;35.42436;138.84895;GBIF
Picea jezoensis;hondoensis;JP;35.63319;138.6608;GBIF
Picea jezoensis;hondoensis;JP;36.77835;140.36012;GBIF
Picea jezoensis;hondoensis;JP;36.40683;137.71276;GBIF
Picea jezoensis;hondoensis;JP;35.87229;137.50069;GBIF
Picea jezoensis;;JP;36.226111;140.102778;GBIF
Picea jezoensis;;JP;36.226111;140.102778;GBIF
Picea jezoensis;;JP;36.226111;140.102778;GBIF
Picea jezoensis;;JP;36.249274;137.637899;GBIF
Picea jezoensis;;JP;36.226111;140.102778;GBIF
Picea jezoensis;;JP;42.950305;141.152419;GBIF
Picea jezoensis;;JP;35.374108;139.540546;GBIF
Picea jezoensis;;JP;43.333333;142.616667;GBIF
Picea jezoensis;;JP;43.433333;144.1;GBIF
Picea jezoensis;;JP;43.433333;144.1;GBIF
Picea jezoensis;;JP;43.366667;142.383333;GBIF
Picea jezoensis;;JP;43.366667;142.383333;GBIF
Picea jezoensis;;JP;45.016667;141.916667;GBIF
Picea jezoensis;;CN;42.333333;128.116667;GBIF
Picea jezoensis;;CN;42.3;128.083333;GBIF
Picea jezoensis;;CN;42.3;128.083333;GBIF
Picea jezoensis;;CN;42.083333;128.166667;GBIF
Picea jezoensis;;JP;44.4;142.2;GBIF
Picea jezoensis;;CN;41.75;128.03333;GBIF
Picea jezoensis;;Kamch;54.888517;158.941806;EXPERT
Picea jezoensis;;Kamch;54.967575;159.029616;EXPERT
Picea jezoensis;;Kamch;54.901302;159.049786;EXPERT
Picea jezoensis;;Kamch;54.930397;159.055983;EXPERT
Picea jezoensis;;Kamch;54.965919;159.083449;EXPERT
Picea jezoensis;;Kamch;54.99603;159.171683;EXPERT
Picea jezoensis;;Kamch;54.995241;159.027315;EXPERT
Picea jezoensis;;Kamch;55.093355;159.091829;EXPERT
Picea jezoensis;;Kamch;55.149234;158.884119;EXPERT
Picea jezoensis;;Kamch;55.182056;158.594338;EXPERT
Picea jezoensis;;Kamch;55.267326;158.387143;EXPERT
Picea jezoensis;;Kamch;55.263798;158.477947;EXPERT
Picea jezoensis;;Kamch;55.259681;158.634158;EXPERT
Picea jezoensis;;Kamch;55.266739;158.848564;EXPERT
Picea jezoensis;;Kamch;55.283791;158.977996;EXPERT
Picea jezoensis;;Kamch;55.456036;158.912037;EXPERT
Picea jezoensis;;Kamch;55.507239;159.246848;EXPERT
Picea jezoensis;;Kamch;55.594971;158.893591;EXPERT
Picea jezoensis;;Kamch;55.647815;159.217344;EXPERT
Picea jezoensis;;Kamch;55.745311;159.217651;EXPERT
Picea jezoensis;;Kamch;55.799498;159.194648;EXPERT
Picea jezoensis;;Kamch;55.902775;159.265974;EXPERT
Picea jezoensis;;Kamch;55.81818;159.496398;EXPERT
Picea jezoensis;;Kamch;56.024903;159.941555;EXPERT
Picea jezoensis;;Kamch;56.104321;160.10532;EXPERT
Picea jezoensis;;Kamch;56.046546;160.170922;EXPERT
Picea jezoensis;;Kamch;55.107659;159.559252;EXPERT
Picea jezoensis;;Kamch;55.113908;159.732372;EXPERT
Picea jezoensis;;Kamch;55.19377;159.772867;EXPERT
Picea jezoensis;;Kamch;55.276328;159.881647;EXPERT
Picea jezoensis;;Kamch;55.263606;159.790494;EXPERT
Picea jezoensis;;Kamch;55.240597;159.705329;EXPERT
Picea jezoensis;;Kamch;55.31117;159.638137;EXPERT
Picea jezoensis;;Kamch;55.323529;159.435857;EXPERT
Picea jezoensis;;Kamch;55.387961;159.635688;EXPERT
Picea jezoensis;;Kamch;55.408762;159.487785;EXPERT
Picea jezoensis;;Kamch;55.436508;159.875659;EXPERT
Picea jezoensis;;Kamch;55.437063;160.004194;EXPERT
Picea jezoensis;;Kamch;55.676387;159.805642;EXPERT
Picea jezoensis;;Kamch;55.356585;159.404931;EXPERT
Picea jezoensis;;Kamch;55.567469;159.018249;EXPERT
Picea jezoensis;;Kamch;55.578653;159.261321;EXPERT
Picea jezoensis;;Sakh;46.07483;143.432775;EXPERT
Picea jezoensis;;Sakh;46.252127;143.499377;EXPERT
Picea jezoensis;;Sakh;46.325606;143.386757;EXPERT
Picea jezoensis;;Sakh;46.320848;143.546746;EXPERT
Picea jezoensis;;Sakh;46.395844;143.471387;EXPERT
Picea jezoensis;;Sakh;46.531427;143.383324;EXPERT
Picea jezoensis;;Sakh;46.632931;143.5004;EXPERT
Picea jezoensis;;Sakh;46.714933;143.394313;EXPERT
Picea jezoensis;;Sakh;46.796339;143.425899;EXPERT
Picea jezoensis;;Sakh;46.64179;142.911207;EXPERT
Picea jezoensis;;Sakh;46.898443;143.061582;EXPERT
Picea jezoensis;;Sakh;46.971815;142.81645;EXPERT
Picea jezoensis;;Sakh;46.779705;142.888033;EXPERT
Picea jezoensis;;Sakh;47.081683;142.94202;EXPERT
Picea jezoensis;;Sakh;47.34963;142.673051;EXPERT
Picea jezoensis;;Sakh;47.080987;142.581014;EXPERT
Picea jezoensis;;Sakh;46.04744;141.940363;EXPERT
Picea jezoensis;;Sakh;46.143697;142.200087;EXPERT
Picea jezoensis;;Sakh;46.409146;141.918661;EXPERT
Picea jezoensis;;Sakh;46.574836;141.857318;EXPERT
Picea jezoensis;;Sakh;46.646491;142.0674;EXPERT
Picea jezoensis;;Sakh;46.658755;142.329441;EXPERT
Picea jezoensis;;Sakh;46.773928;142.368665;EXPERT
Picea jezoensis;;Sakh;46.778292;141.940456;EXPERT
Picea jezoensis;;Sakh;46.909622;142.20121;EXPERT
Picea jezoensis;;Sakh;47.162766;142.154689;EXPERT
Picea jezoensis;;Sakh;47.292564;142.076583;EXPERT
Picea jezoensis;;Sakh;47.383801;142.489882;EXPERT
Picea jezoensis;;Sakh;47.476114;142.328911;EXPERT
Picea jezoensis;;Sakh;47.563112;142.296327;EXPERT
Picea jezoensis;;Sakh;47.645342;142.557523;EXPERT
Picea jezoensis;;Sakh;47.786261;142.151099;EXPERT
Picea jezoensis;;Sakh;48.047087;142.523261;EXPERT
Picea jezoensis;;Sakh;48.106217;142.226459;EXPERT
Picea jezoensis;;Sakh;48.214444;142.449778;EXPERT
Picea jezoensis;;Sakh;48.455716;142.101648;EXPERT
Picea jezoensis;;Sakh;48.579113;142.636939;EXPERT
Picea jezoensis;;Sakh;48.724999;142.264856;EXPERT
Picea jezoensis;;Sakh;48.816001;141.927027;EXPERT
Picea jezoensis;;Sakh;49.052974;142.256527;EXPERT
Picea jezoensis;;Sakh;49.116143;142.847;EXPERT
Picea jezoensis;;Sakh;49.013223;142.182031;EXPERT
Picea jezoensis;;Sakh;49.316197;144.178625;EXPERT
Picea jezoensis;;Sakh;49.495636;143.8254;EXPERT
Picea jezoensis;;Sakh;49.959714;143.986048;EXPERT
Picea jezoensis;;Sakh;50.066365;143.276989;EXPERT
Picea jezoensis;;Sakh;50.574411;143.688608;EXPERT
Picea jezoensis;;Sakh;50.595048;143.448069;EXPERT
Picea jezoensis;;Sakh;50.701405;143.405916;EXPERT
Picea jezoensis;;Sakh;50.686794;142.904236;EXPERT
Picea jezoensis;;Sakh;49.5133;142.165111;EXPERT
Picea jezoensis;;Sakh;49.63967;142.236005;EXPERT
Picea jezoensis;;Sakh;50.038906;142.354405;EXPERT
Picea jezoensis;;Sakh;50.186895;142.374212;EXPERT
Picea jezoensis;;Sakh;50.792702;142.434762;EXPERT
Picea jezoensis;;Sakh;51.322667;142.210256;EXPERT
Picea jezoensis;;Sakh;51.50244;142.348351;EXPERT
Picea jezoensis;;Sakh;51.574721;142.024354;EXPERT
Picea jezoensis;;Sakh;51.375568;143.08665;EXPERT
Picea jezoensis;;Sakh;50.448179;142.554191;EXPERT
Picea jezoensis;;Sakh;49.109474;142.431691;EXPERT
Picea jezoensis;;Sakh;49.631507;142.739094;EXPERT
Picea jezoensis;;Sakh;51.069997;143.408518;EXPERT
Picea jezoensis;;Sakh;50.10396;143.553131;EXPERT
Picea jezoensis;;Sakh;49.77571;143.707991;EXPERT
Picea jezoensis;;Sakh;49.054123;142.628225;EXPERT
Picea jezoensis;;Sakh;50.451931;142.101043;EXPERT
Picea jezoensis;;Sakh;50.570562;142.261714;EXPERT
Picea jezoensis;;Sakh;53.950058;142.790558;EXPERT
Picea jezoensis;;Sakh;53.765035;142.821275;EXPERT
Picea jezoensis;;Sakh;51.763714;142.812432;EXPERT
Picea jezoensis;;Sakh;52.778227;143.042726;EXPERT
Picea jezoensis;;Sakh;52.496141;142.851066;EXPERT
Picea jezoensis;;Sakh;53.126757;141.910114;EXPERT
Picea jezoensis;;Sakh;53.375519;141.94685;EXPERT
Picea jezoensis;;Sakh;53.042679;142.705266;EXPERT
Picea jezoensis;;Sakh;52.026687;142.721304;EXPERT
Picea jezoensis;;Sakh;52.061723;142.211213;EXPERT
Picea jezoensis;;Sakh;52.316096;142.12315;EXPERT
Picea jezoensis;;Sakh;54.302155;142.770721;EXPERT
Picea jezoensis;;Sakh;54.262366;142.373797;EXPERT
Picea jezoensis;;Sakh;54.156799;142.676755;EXPERT
Picea jezoensis;;Sakh;54.186619;142.532664;EXPERT
Picea jezoensis;;Itu;44.572902;146.959178;EXPERT
Picea jezoensis;;Itu;44.45489;146.884905;EXPERT
Picea jezoensis;;Itu;44.478496;146.974071;EXPERT
Picea jezoensis;;Itu;44.579368;147.098873;EXPERT
Picea jezoensis;;Itu;44.644249;147.124665;EXPERT
Picea jezoensis;;Itu;44.7785;147.177537;EXPERT
Picea jezoensis;;Itu;44.787761;147.459018;EXPERT
Picea jezoensis;;Itu;44.739046;147.29486;EXPERT
Picea jezoensis;;Itu;45.059345;147.557845;EXPERT
Picea jezoensis;;Itu;45.007466;147.742134;EXPERT
Picea jezoensis;;Kunas;44.479468;146.159467;EXPERT
Picea jezoensis;;Kunas;44.407947;146.065308;EXPERT
Picea jezoensis;;Kunas;44.395614;146.498718;EXPERT
Picea jezoensis;;Kunas;44.285531;146.235433;EXPERT
Picea jezoensis;;Kunas;44.233687;146.022659;EXPERT
Picea jezoensis;;Kunas;44.161172;145.900177;EXPERT
Picea jezoensis;;Kunas;44.136571;145.788369;EXPERT
Picea jezoensis;;Kunas;43.81213;145.560741;EXPERT
Picea jezoensis;;Kunas;43.899516;145.484523;EXPERT
Picea jezoensis;;Kunas;43.921358;145.689659;EXPERT
Picea jezoensis;;Kunas;43.997741;145.740556;EXPERT
Picea jezoensis;;Kunas;44.114076;145.76631;EXPERT
Picea jezoensis;;Kunas;44.151024;145.844065;EXPERT
Picea jezoensis;;Kunas;44.159603;145.916991;EXPERT
Picea jezoensis;;Shik;43.854506;146.83626;EXPERT
Picea jezoensis;;Shik;43.807993;146.651885;EXPERT
Picea jezoensis;;Shik;43.835163;146.898965;EXPERT
Picea jezoensis;;Shik;43.779375;146.769744;EXPERT
Picea jezoensis;;Shik;43.730892;146.645472;EXPERT
Picea jezoensis;;RU;52.48001727;134.3899676;VBGI
Picea jezoensis;;RU;56.44874341;138.1989137;VBGI
Picea jezoensis;;RU;55.70998814;130.7977338;VBGI
Picea jezoensis;;RU;49.80255768;130.0048558;VBGI
Picea jezoensis;;RU;49.01812878;139.830878;VBGI
Picea jezoensis;;RU;48.25920022;135.2051277;VBGI
Picea jezoensis;;RU;48.26102876;135.1975746;VBGI
Picea jezoensis;;RU;47.981556;139.541809;VBGI
Picea jezoensis;;RU;55.19519234;135.5542985;VBGI
Picea jezoensis;;RU;55.14489621;135.5548993;VBGI
Picea jezoensis;;RU;50.74683;133.4198001;VBGI
Picea jezoensis;;RU;54.6035065;127.4801721;VBGI
Picea jezoensis;;RU;54.616667;128.5541671;VBGI
Picea jezoensis;;RU;56.04959349;159.949035;VBGI
Picea jezoensis;;RU;56.05239754;159.8829883;VBGI
Picea jezoensis;;RU;54.687013;158.6173329;VBGI
Picea jezoensis;;RU;56.056112;159.8714441;VBGI
Picea jezoensis;;RU;54.687013;158.6173329;VBGI
Picea jezoensis;;RU;46.9641127;142.7347555;VBGI
Picea jezoensis;;RU;46.97492644;142.5047551;VBGI
Picea jezoensis;;RU;44.06485693;145.7709077;VBGI
Picea jezoensis;;RU;44.0394706;133.8832587;VBGI
Picea jezoensis;;RU;43.1276453;133.1252142;VBGI
Picea jezoensis;;RU;45.0525641;135;VBGI
Picea jezoensis;;RU;44.5573954;135.6227188;VBGI
Picea jezoensis;;RU;45.9294549;133.7427896;VBGI
Picea jezoensis;;RU;43.1698998;133.7600556;VBGI
Picea jezoensis;;RU;43.11531964;133.9429583;VBGI
Picea jezoensis;;RU;45.9294549;133.7427896;VBGI
Picea jezoensis;;RU;43.6503097;132.5024216;VBGI
Picea jezoensis;;RU;45.0432559;136.6092251;VBGI
Picea jezoensis;;RU;45.6829449;136.218079;VBGI
Picea jezoensis;;RU;43.455314;132.57266;VBGI
Picea jezoensis;;RU;44.1676272;133.8685428;VBGI
Picea jezoensis;;RU;43.07263279;134.1895776;VBGI
Picea jezoensis;;RU;43.16340369;132.8012386;VBGI
Picea jezoensis;;RU;43.11452103;132.8354561;VBGI
Picea jezoensis;;RU;43.15510791;132.8047577;VBGI
Picea jezoensis;;RU;45.06035541;136.6052769;VBGI
Picea jezoensis;;RU;45.06447793;136.6090534;VBGI
Picea jezoensis;;RU;43.1850507;132.9097239;VBGI
Picea jezoensis;;RU;44.1676272;133.8685428;VBGI
Picea jezoensis;;RU;44.1676272;133.8685428;VBGI
Picea jezoensis;;RU;47.3350064;142.7899519;VBGI
Picea jezoensis;;RU;47.1698542;142.0634347;VBGI
Picea jezoensis;;RU;47.0657403;142.0584355;VBGI
Picea jezoensis;;RU;54.933333;137.5;VBGI
Picea jezoensis;;RU;43.7936111;146.7472222;VBGI
Picea jezoensis;;RU;43.68234026;134.2021394;VBGI
Picea jezoensis;;RU;43.4763359;131.7101001;VBGI
Picea jezoensis;;RU;44.0394706;133.8832587;VBGI
Picea jezoensis;;RU;44.11872296;133.8809882;VBGI
Picea jezoensis;;RU;43.39380062;131.483615;VBGI
Picea jezoensis;;RU;43.39148982;131.4894987;VBGI
Picea jezoensis;;RU;43.65003023;132.5031512;VBGI
Picea jezoensis;;RU;43.23224467;132.0332066;VBGI
Picea jezoensis;;RU;43.23213133;132.0338932;VBGI
Picea jezoensis;;RU;43.23224077;132.0336786;VBGI
Picea jezoensis;;RU;43.41895043;134.4258106;VBGI
Picea jezoensis;;RU;43.14734329;132.8006378;VBGI
Picea jezoensis;;RU;43.14020398;132.7948013;VBGI
Picea jezoensis;;RU;43.14734329;132.8006378;VBGI
Picea jezoensis;;RU;44.2551686;135.0572606;VBGI
Picea jezoensis;;RU;51.0722125;132.6007578;VBGI
Picea jezoensis;;RU;49.7567238;142.8481098;VBGI
Picea jezoensis;;RU;55.108257;124.83882;VBGI
Picea jezoensis;;RU;43.211833;132.018058;VBGI
Picea jezoensis;;RU;43.211833;132.018058;VBGI
Picea jezoensis;;RU;43.211833;132.018058;VBGI
